x,x2,y
-6.201497556804639,-6.201497556804639,0.0
-8.16702188444815,-8.26702188444815,0.1
6.023341361149442,5.823341361149442,0.2
5.011159050006471,4.711159050006471,0.30000000000000004
-5.741692261172071,-6.1416922611720715,0.4
4.894325752859576,4.394325752859576,0.5
3.874229980415249,3.274229980415249,0.6000000000000001
-8.589935507313827,-9.289935507313826,0.7000000000000001
4.050922798983649,3.250922798983649,0.8
-0.11526077001179236,-1.0152607700117924,0.9
8.202461125357065,7.202461125357065,1.0
10.274809039807447,9.174809039807448,1.1
-3.8945980401418403,-5.0945980401418405,1.2000000000000002
1.2373424963207846,-0.06265750367921541,1.3
6.0048921177248795,4.604892117724879,1.4000000000000001
4.603120765679318,3.1031207656793174,1.5
5.808046743190408,4.208046743190407,1.6
4.4340971666317355,2.734097166631735,1.7000000000000002
3.3783144284448623,1.5783144284448625,1.8
6.031984200518718,4.131984200518717,1.9000000000000001
5.238094758763279,3.238094758763279,2.0
10.398576797781441,8.298576797781442,2.1
3.622384281003819,1.422384281003819,2.2
-1.674977238135238,-3.974977238135238,2.3000000000000003
4.415620719329734,2.0156207193297337,2.4000000000000004
8.82807276484668,6.32807276484668,2.5
-2.789142890871488,-5.389142890871488,2.6
-1.2845044588908943,-3.9845044588908944,2.7
11.730465805685272,8.930465805685271,2.8000000000000003
-4.483291248321073,-7.383291248321074,2.9000000000000004
-2.251459577668392,-5.251459577668392,3.0
3.288018035347084,0.18801803534708394,3.1
4.749920974979562,1.549920974979562,3.2
8.896767748197455,5.596767748197454,3.3000000000000003
6.803386266773376,3.403386266773376,3.4000000000000004
-5.869722291539738,-9.369722291539738,3.5
1.4646758915307148,-2.1353241084692853,3.6
6.985614030853128,3.2856140308531283,3.7
3.1525879371981427,-0.6474120628018576,3.8000000000000003
1.1060207089714211,-2.7939792910285792,3.9000000000000004
-5.8468095649399725,-9.846809564939973,4.0
13.654503834576584,9.554503834576584,4.1000000000000005
10.011162182566071,5.81116218256607,4.2
2.341981000696574,-1.958018999303426,4.3
5.802642210280563,1.4026422102805627,4.4
12.761294969793356,8.261294969793356,4.5
1.3158010029764453,-3.2841989970235552,4.6000000000000005
2.9683075554366356,-1.7316924445633644,4.7
0.7811078769078525,-4.018892123092148,4.800000000000001
-4.617022006649355,-9.517022006649356,4.9
7.02973492186493,2.0297349218649297,5.0
7.569633287938747,2.4696332879387466,5.1000000000000005
1.3661739329461242,-3.833826067053876,5.2
8.083338584241107,2.7833385842411063,5.300000000000001
8.698584528000993,3.298584528000992,5.4
1.825846458984636,-3.674153541015364,5.5
0.6425829798713201,-4.9574170201286805,5.6000000000000005
12.00480048944701,6.304800489447011,5.7
7.79459793212818,1.9945979321281795,5.800000000000001
-3.169725953655478,-9.069725953655478,5.9
7.241251738546163,1.241251738546163,6.0
-0.36394213028298417,-6.463942130282985,6.1000000000000005
4.9263764711761935,-1.2736235288238065,6.2
11.675323381047384,5.375323381047384,6.300000000000001
5.5707227667814205,-0.8292772332185795,6.4
3.7647290300012064,-2.7352709699987936,6.5
-2.909021461227911,-9.509021461227912,6.6000000000000005
15.852569699157037,9.152569699157036,6.7
14.63836462038758,7.838364620387579,6.800000000000001
15.417982699146833,8.517982699146833,6.9
4.207487038136396,-2.7925129618636046,7.0
2.598200332769956,-4.501799667230045,7.1000000000000005
7.516084852058145,0.31608485205814496,7.2
17.221555449209895,9.921555449209892,7.300000000000001
0.6425261027047497,-6.757473897295251,7.4
7.387116899021214,-0.11288310097878673,7.5
-1.7542444045486887,-9.35424440454869,7.6000000000000005
0.38600386124780783,-7.313996138752192,7.7
11.109890427480728,3.3098904274807284,7.800000000000001
-1.298221456453307,-9.198221456453307,7.9
8.690412817814803,0.6904128178148028,8.0
1.3264451154931418,-6.773554884506858,8.1
-0.41090763562634436,-8.610907635626345,8.200000000000001
4.196024030350684,-4.1039759696493165,8.3
0.00688786812293074,-8.39311213187707,8.4
0.6928794431135934,-7.807120556886407,8.5
10.366422929305894,1.7664229293058953,8.6
9.135558218075312,0.4355582180753115,8.700000000000001
12.022497306699579,3.222497306699579,8.8
-1.092796016401314,-9.992796016401314,8.9
-0.9574282005544621,-9.957428200554462,9.0
18.834818290927984,9.734818290927983,9.1
18.96719387414125,9.767193874141247,9.200000000000001
2.82398638132232,-6.476013618677681,9.3
12.028960767484037,2.6289607674840365,9.4
0.5421813251998131,-8.957818674800187,9.5
0.45809639300300375,-9.141903606996998,9.600000000000001
9.082832187327153,-0.6171678126728475,9.700000000000001
0.7173937294528638,-9.082606270547137,9.8
5.701853891497368,-4.198146108502632,9.9
15.484565367022523,5.4845653670225225,10.0
5.284629771780408,-4.815370228219593,10.100000000000001
10.765484194685365,0.5654841946853639,10.200000000000001
5.291150126503997,-5.008849873496004,10.3
5.756347780680872,-4.6436522193191285,10.4
9.695005808751215,-0.8049941912487846,10.5
17.300170509259914,6.700170509259912,10.600000000000001
7.2733283004206495,-3.426671699579351,10.700000000000001
3.169934861958424,-7.6300651380415765,10.8
4.837147584008404,-6.062852415991596,10.9
13.757578499738058,2.757578499738058,11.0
11.982262762917557,0.8822627629175561,11.100000000000001
10.853842930325627,-0.34615706967437543,11.200000000000001
15.126683805601937,3.8266838056019363,11.3
7.244706216310025,-4.1552937836899755,11.4
4.391559024691707,-7.108440975308293,11.5
15.006351922680768,3.406351922680766,11.600000000000001
4.873525351729009,-6.826474648270992,11.700000000000001
18.526983724288147,6.7269837242881465,11.8
12.251116973575153,0.3511169735751518,11.9
13.69063701972987,1.6906370197298703,12.0
15.167004042376316,3.0670040423763156,12.100000000000001
17.642136048949336,5.442136048949336,12.200000000000001
9.639798127237388,-2.660201872762613,12.3
5.869402293276558,-6.530597706723443,12.4
12.333458682076346,-0.16654131792365412,12.5
15.96101273394074,3.3610127339407385,12.600000000000001
13.58902450469017,0.8890245046901701,12.700000000000001
8.326366960637436,-4.473633039362563,12.8
17.27519315649602,4.375193156496018,12.9
5.138831310249858,-7.861168689750142,13.0
8.39884305452182,-4.701156945478182,13.100000000000001
5.459395286633226,-7.740604713366775,13.200000000000001
17.911980004902798,4.611980004902798,13.3
22.168856975032753,8.768856975032753,13.4
7.201422520580057,-6.298577479419943,13.5
16.925590725088483,3.3255907250884835,13.600000000000001
19.68299557095598,5.982995570955978,13.700000000000001
7.43328169965927,-6.366718300340731,13.8
7.180684185869469,-6.719315814130531,13.9
15.060434197991068,1.060434197991067,14.0
8.475244473395744,-5.6247555266042575,14.100000000000001
16.918806555994085,2.718806555994085,14.200000000000001
18.041758166750224,3.741758166750224,14.3
5.561972000717926,-8.838027999282074,14.4
4.837631346628211,-9.66236865337179,14.5
16.722036217276674,2.1220362172766727,14.600000000000001
13.77595219905198,-0.9240478009480203,14.700000000000001
12.432691082609775,-2.367308917390225,14.8
13.175763877840017,-1.7242361221599833,14.9
16.867331995736194,1.8673319957361945,15.0
11.854894853970013,-3.2451051460299896,15.100000000000001
24.235828854160907,9.035828854160906,15.200000000000001
13.997130412922498,-1.3028695870775022,15.3
25.27472945906388,9.87472945906388,15.4
16.761531392588957,1.261531392588957,15.5
24.29065058741217,8.690650587412168,15.600000000000001
15.439086854236798,-0.2609131457632019,15.700000000000001
7.57294326368145,-8.22705673631855,15.8
13.479546643640324,-2.4204533563596757,15.9
19.92247581755121,3.922475817551208,16.0
19.18249671513587,3.0824967151358678,16.1
25.22152107015217,9.021521070152174,16.2
12.978003252290629,-3.3219967477093726,16.3
21.498014147009997,5.098014147009993,16.400000000000002
16.512062672797413,0.012062672797412688,16.5
14.279264165985328,-2.3207358340146733,16.6
14.512031499508263,-2.187968500491737,16.7
26.594228267098863,9.794228267098863,16.8
13.71719916474121,-3.182800835258792,16.900000000000002
19.69979305888741,2.699793058887408,17.0
14.933637320777187,-2.1663626792228152,17.1
20.83308480669568,3.633084806695681,17.2
16.413630239196237,-0.8863697608037624,17.3
13.843307575858857,-3.5566924241411457,17.400000000000002
7.862913811837238,-9.637086188162762,17.5
24.823600788806203,7.223600788806202,17.6
25.61242528439973,7.912425284399731,17.7
11.56373411728425,-6.236265882715751,17.8
8.330346442421392,-9.56965355757861,17.900000000000002
25.380552084713184,7.380552084713184,18.0
24.483303522459796,6.383303522459794,18.1
27.04803902448264,8.848039024482642,18.2
25.797258032732998,7.497258032732998,18.3
23.39659861963765,4.996598619637647,18.400000000000002
19.568479581639103,1.0684795816391035,18.5
26.46082413131539,7.86082413131539,18.6
13.250242384117303,-5.449757615882696,18.7
28.73052049582823,9.930520495828231,18.8
26.710853194209726,7.810853194209725,18.900000000000002
16.02521955125343,-2.9747804487465723,19.0
12.665666991989637,-6.4343330080103645,19.1
15.340874375898252,-3.8591256241017513,19.200000000000003
11.739072538917057,-7.560927461082945,19.3
15.83101734452153,-3.5689826554784725,19.400000000000002
11.78434973083623,-7.7156502691637705,19.5
26.831042639109906,7.231042639109905,19.6
19.336317000830796,-0.3636829991692081,19.700000000000003
27.61605130188199,7.816051301881988,19.8
27.43790191408138,7.537901914081377,19.900000000000002
25.75037707816408,5.750377078164082,20.0
24.699102798935062,4.59910279893506,20.1
25.933819044131926,5.7338190441319234,20.200000000000003
25.948994806548615,5.648994806548614,20.3
16.476640968859343,-3.923359031140659,20.400000000000002
18.831113841731998,-1.6688861582680037,20.5
25.72131767202117,5.121317672021167,20.6
30.698833391590128,9.998833391590123,20.700000000000003
27.656532322868706,6.8565323228687065,20.8
14.189579652252153,-6.710420347747848,20.900000000000002
14.064693728769416,-6.935306271230584,21.0
13.30688108350451,-7.793118916495492,21.1
15.917487962038932,-5.282512037961071,21.200000000000003
17.558231626226558,-3.7417683737734424,21.3
23.982754216785544,2.5827542167855437,21.400000000000002
30.636006851324133,9.136006851324131,21.5
20.564448069767657,-1.035551930232346,21.6
23.506981267110614,1.8069812671106122,21.700000000000003
16.079969016218655,-5.720030983781346,21.8
29.7768067795181,7.876806779518097,21.900000000000002
20.783133379488287,-1.2168666205117142,22.0
12.513797093450309,-9.586202906549692,22.1
23.9909142292437,1.7909142292436966,22.200000000000003
21.92696239022065,-0.37303760977935196,22.3
21.162399873176323,-1.2376001268236791,22.400000000000002
19.9643190885786,-2.5356809114214034,22.5
23.791568202911034,1.1915682029110308,22.6
25.553661638496248,2.8536616384962454,22.700000000000003
28.421748331291468,5.621748331291466,22.8
26.85313913596857,3.9531391359685646,22.900000000000002
28.073548854596886,5.073548854596886,23.0
33.03304404643319,9.93304404643319,23.1
32.708034223037814,9.50803422303781,23.200000000000003
32.67157274561481,9.371572745614813,23.3
32.992753445970706,9.592753445970706,23.400000000000002
33.16705517652454,9.667055176524544,23.5
19.446300995290112,-4.153699004709888,23.6
21.097142673702795,-2.602857326297208,23.700000000000003
24.92345767972374,1.1234576797237406,23.8
15.200281766861401,-8.6997182331386,23.900000000000002
23.7292086189244,-0.2707913810756013,24.0
24.503256735469765,0.4032567354697636,24.1
25.96434311061465,1.764343110614648,24.200000000000003
30.845440324098597,6.545440324098597,24.3
30.51655224310655,6.116552243106546,24.400000000000002
16.460615352253697,-8.039384647746301,24.5
32.52298400961214,7.922984009612134,24.6
29.857724694969043,5.157724694969041,24.700000000000003
24.221341902858953,-0.5786580971410471,24.8
28.26883826994635,3.3688382699463464,24.900000000000002
28.351807134501165,3.3518071345011635,25.0
22.575810503266453,-2.5241894967335488,25.1
24.68676299748577,-0.5132370025142352,25.200000000000003
30.34413950446431,5.044139504464307,25.3
24.375752972772094,-1.0242470272279094,25.400000000000002
19.16183157489368,-6.338168425106321,25.5
17.95583049743422,-7.644169502565781,25.6
22.90539109253804,-2.7946089074619618,25.700000000000003
34.856946335181505,9.056946335181506,25.8
19.693231904778948,-6.206768095221054,25.900000000000002
17.110928948293246,-8.889071051706754,26.0
27.69425825711709,1.5942582571170894,26.1
18.800795794068556,-7.399204205931447,26.200000000000003
24.716769680688095,-1.5832303193119057,26.3
20.518217430484107,-5.881782569515895,26.400000000000002
28.06510638792506,1.5651063879250593,26.5
16.738914615165047,-9.861085384834954,26.6
35.27346174575047,8.573461745750466,26.700000000000003
26.046645512836186,-0.7533544871638154,26.8
32.894485309260425,5.994485309260425,26.900000000000002
26.646815864937764,-0.35318413506223667,27.0
25.22716729334184,-1.8728327066581607,27.1
32.815634382381205,5.615634382381206,27.200000000000003
21.441227443860964,-5.858772556139036,27.3
28.71395475377073,1.3139547537707252,27.400000000000002
35.592175382371174,8.092175382371172,27.5
29.87782151089556,2.2778215108955595,27.6
31.19759461149423,3.4975946114942285,27.700000000000003
31.072480464059648,3.272480464059646,27.8
32.705924266406555,4.8059242664065565,27.900000000000002
33.314042044918686,5.314042044918686,28.0
37.17349371114761,9.073493711147607,28.1
28.693348588180367,0.49334858818036453,28.200000000000003
21.27943958358559,-7.020560416414412,28.3
36.41484728518597,8.014847285185969,28.400000000000002
33.560450430034024,5.060450430034027,28.5
35.78414838853832,7.184148388538316,28.6
38.448579121926024,9.74857912192602,28.700000000000003
27.964376507371796,-0.8356234926282036,28.8
22.30127347135692,-6.5987265286430805,28.900000000000002
26.11067370781786,-2.889326292182142,29.0
29.833523033407353,0.7335230334073506,29.1
21.637968847652743,-7.562031152347259,29.200000000000003
26.72742121293067,-2.572578787069333,29.3
19.94807588287223,-9.451924117127769,29.400000000000002
33.791024572774894,4.291024572774895,29.5
30.684971617233053,1.0849716172330526,29.6
22.635160068971015,-7.064839931028988,29.700000000000003
19.836249741010057,-9.963750258989943,29.8
34.684821877476246,4.784821877476242,29.900000000000002
38.222511602628764,8.222511602628764,30.0
34.811793368823864,4.7117933688238605,30.1
34.75189928546664,4.551899285466641,30.200000000000003
30.366223486251393,0.0662234862513933,30.3
21.022113096746146,-9.377886903253854,30.400000000000002
28.739701776026358,-1.760298223973642,30.5
29.494172405332776,-1.1058275946672258,30.6
33.28049406875256,2.5804940687525546,30.700000000000003
28.810285169566,-1.9897148304339998,30.8
39.896809407146634,8.996809407146628,30.900000000000002
37.55652483725826,6.556524837258258,31.0
23.263991998452106,-7.836008001547895,31.1
24.552233017206518,-6.647766982793484,31.200000000000003
28.762128244651578,-2.5378717553484225,31.3
23.849470393464195,-7.550529606535807,31.400000000000002
39.25732866918497,7.757328669184975,31.5
37.33423009072803,5.73423009072803,31.6
22.880967977461147,-8.819032022538854,31.700000000000003
23.627758477218997,-8.172241522781006,31.8
29.923776990163567,-1.976223009836433,31.900000000000002
36.76756097773426,4.76756097773426,32.0
41.449134922414146,9.349134922414146,32.1
24.191387968461502,-8.008612031538501,32.2
37.927781493502884,5.627781493502882,32.300000000000004
30.226898218866165,-2.1731017811338327,32.4
34.15919563426858,1.6591956342685756,32.5
23.073611977492053,-9.526388022507948,32.6
31.962558033090986,-0.7374419669090182,32.7
23.61850878081572,-9.181491219184284,32.800000000000004
41.638150483027104,8.738150483027104,32.9
30.906601568863824,-2.0933984311361775,33.0
37.3601199354771,4.260119935477101,33.1
42.452649059140064,9.25264905914006,33.2
28.90868691884494,-4.391313081155064,33.300000000000004
26.627711724545108,-6.772288275454892,33.4
36.42992681321839,2.9299268132183887,33.5
27.535496902196748,-6.0645030978032555,33.6
25.01842359171367,-8.68157640828633,33.7
25.691385934454775,-8.108614065545229,33.800000000000004
38.86412751827461,4.96412751827461,33.9
25.254059222969566,-8.745940777030434,34.0
26.916909536984484,-7.183090463015517,34.1
36.70133929681468,2.5013392968146757,34.2
24.367289789410922,-9.932710210589082,34.300000000000004
34.17836350669551,-0.22163649330448898,34.4
37.19213030276526,2.6921303027652588,34.5
30.041549576351432,-4.558450423648568,34.6
42.155527002392404,7.4555270023924045,34.7
33.95967993885212,-0.8403200611478878,34.800000000000004
34.82047814756758,-0.07952185243241816,34.9
25.08517755738964,-9.914822442610362,35.0
33.26847453064365,-1.8315254693563476,35.1
26.181053334846425,-9.018946665153576,35.2
32.230233117624294,-3.0697668823757107,35.300000000000004
29.620729902970552,-5.779270097029448,35.4
41.26918297435392,5.769182974353915,35.5
35.95616354048348,0.3561635404834784,35.6
26.650258778752992,-9.049741221247013,35.7
29.93331021837852,-5.866689781621486,35.800000000000004
26.426710062968105,-9.473289937031891,35.9
36.63668629578266,0.6366862957826624,36.0
43.04927286263878,6.949272862638776,36.1
44.922191547332496,8.722191547332491,36.2
37.12273662999249,0.8227366299924865,36.300000000000004
41.386684553823905,4.9866845538239035,36.4
36.81498569392395,0.31498569392395037,36.5
31.686529616334692,-4.913470383665309,36.6
32.863569832634035,-3.8364301673659655,36.7
41.24367923628599,4.443679236285987,36.800000000000004
46.44413254344553,9.544132543445526,36.9
43.9485155946462,6.948515594646203,37.0
34.47139007932556,-2.6286099206744407,37.1
38.808953557787845,1.6089535577878422,37.2
38.28657441906192,0.9865744190619186,37.300000000000004
34.73491080056058,-2.6650891994394215,37.4
36.02788487617083,-1.4721151238291696,37.5
41.161302090739085,3.561302090739087,37.6
40.191840732388016,2.4918407323880154,37.7
30.37588486793145,-7.424115132068554,37.800000000000004
41.5082981139515,3.608298113951496,37.9
44.71534745965282,6.715347459652815,38.0
41.168343548904225,3.0683435489042243,38.1
34.17498809626529,-4.025011903734714,38.2
33.9905768451147,-4.3094231548853035,38.300000000000004
41.67387814905565,3.2738781490556472,38.400000000000006
47.30356384159507,8.803563841595073,38.5
29.104486800801922,-9.495513199198081,38.6
38.886739512664576,0.18673951266457323,38.7
29.082136762108878,-9.717863237891127,38.800000000000004
31.292549703108083,-7.607450296891923,38.900000000000006
38.51670723524623,-0.48329276475377325,39.0
48.99615371207196,9.896153712071959,39.1
46.78319014443462,7.583190144434617,39.2
36.92531654473687,-2.3746834552631335,39.300000000000004
34.63088402386135,-4.769115976138656,39.400000000000006
32.39089584040341,-7.1091041595965905,39.5
44.95206486903588,5.352064869035876,39.6
30.70426915877409,-8.995730841225916,39.7
43.65910562921879,3.859105629218791,39.800000000000004
38.8936664349073,-1.0063335650927052,39.900000000000006
49.569765277388754,9.569765277388758,40.0
48.07323270361123,7.973232703611233,40.1
43.40231339807641,3.2023133980764045,40.2
43.035559166070776,2.735559166070769,40.300000000000004
40.85039715895073,0.45039715895072385,40.400000000000006
35.2043774360485,-5.295622563951497,40.5
41.94924166334866,1.3492416633486592,40.6
41.566774765109734,0.8667747651097302,40.7
37.25349666508117,-3.5465033349188313,40.800000000000004
37.95523224162923,-2.9447677583707748,40.900000000000006
34.171162421084816,-6.828837578915182,41.0
34.93734314490692,-6.162656855093085,41.1
35.62902093077382,-5.570979069226183,41.2
44.80029912880602,3.5002991288060126,41.300000000000004
45.978728666864825,4.57872866686482,41.400000000000006
41.043241067872444,-0.4567589321275567,41.5
36.89391759787534,-4.706082402124664,41.6
48.380768528821136,6.680768528821133,41.7
49.81689715176576,8.016897151765752,41.800000000000004
44.17434126336064,2.274341263360633,41.900000000000006
39.7033883837786,-2.2966116162214,42.0
42.64167079183387,0.5416707918338637,42.1
47.51374113356768,5.313741133567671,42.2
45.43100312701931,3.1310031270193073,42.300000000000004
44.361420636996456,1.9614206369964515,42.400000000000006
37.56396166456071,-4.9360383354392905,42.5
49.11408975226888,6.514089752268884,42.6
48.476133147771336,5.7761331477713345,42.7
48.37004097023916,5.570040970239156,42.800000000000004
35.8773270915235,-7.022672908476508,42.900000000000006
37.73776053317326,-5.262239466826742,43.0
52.91733739683656,9.817337396836557,43.1
43.76960700489879,0.5696070048987822,43.2
44.26560448837301,0.965604488373002,43.300000000000004
47.98833303286583,4.588333032865825,43.400000000000006
40.24675959501651,-3.2532404049834884,43.5
34.90195781384179,-8.698042186158215,43.6
43.52345425405792,-0.17654574594208716,43.7
42.45747386639716,-1.3425261336028438,43.800000000000004
48.71301455740354,4.8130145574035375,43.900000000000006
38.26416191138054,-5.735838088619463,44.0
34.89266384328062,-9.207336156719379,44.1
38.43571974168261,-5.7642802583173935,44.2
37.343627792324035,-6.956372207675969,44.300000000000004
34.48920887878376,-9.910791121216246,44.400000000000006
45.999129630861006,1.499129630861007,44.5
39.899788138449296,-4.700211861550708,44.6
46.77847688363809,2.0784768836380922,44.7
44.83664759803062,0.03664759803061912,44.800000000000004
43.113498830413654,-1.7865011695863497,44.900000000000006
39.91366297187506,-5.086337028124937,45.0
44.612716717073525,-0.48728328292647394,45.1
43.80209918185677,-1.3979008181432317,45.2
49.96688545996015,4.666885459960151,45.300000000000004
52.475687827442826,7.07568782744282,45.400000000000006
37.99819034770106,-7.501809652298937,45.5
46.65409053577986,1.0540905357798547,45.6
41.154769117621086,-4.545230882378919,45.7
45.083516607143224,-0.7164833928567838,45.800000000000004
39.086095284642724,-6.813904715357278,45.900000000000006
51.43609888072349,5.436098880723491,46.0
41.247776197231744,-4.852223802768257,46.1
48.077773514743335,1.8777735147433305,46.2
43.709310336594015,-2.5906896634059895,46.300000000000004
40.399516271635605,-6.000483728364397,46.400000000000006
51.78919481290733,5.2891948129073345,46.5
45.55012638447368,-1.0498736155263222,46.6
40.14318422635943,-6.556815773640574,46.7
53.06972700064317,6.269727000643169,46.800000000000004
45.76520960439246,-1.1347903956075478,46.900000000000006
47.95948306155213,0.9594830615521289,47.0
42.70638590152175,-4.393614098478252,47.1
54.01933663301711,6.819336633017106,47.2
46.21431111131065,-1.0856888886893579,47.300000000000004
46.65398461990582,-0.7460153800941871,47.400000000000006
47.23547362737787,-0.2645263726221292,47.5
53.41494921531027,5.814949215310275,47.6
42.007197202125866,-5.692802797874133,47.7
47.43177856445089,-0.3682214355491187,47.800000000000004
56.94203645611873,9.04203645611872,47.900000000000006
46.92981075756627,-1.0701892424337278,48.0
39.87990579264979,-8.220094207350215,48.1
44.058860500374315,-4.14113949962569,48.2
38.58048312202631,-9.719516877973696,48.300000000000004
45.754370415508454,-2.645629584491549,48.400000000000006
55.18852290349307,6.688522903493073,48.5
41.76398149266624,-6.836018507333761,48.6
49.81273198341023,1.1127319834102245,48.7
57.03317075543042,8.233170755430418,48.800000000000004
39.783284932679855,-9.116715067320149,48.900000000000006
52.051068352126364,3.0510683521263675,49.0
47.86273745988806,-1.2372625401119408,49.1
52.266420002333874,3.0664200023338672,49.2
52.28957486479158,2.98957486479158,49.300000000000004
42.09124428502009,-7.308755714979916,49.400000000000006
47.462505663103826,-2.0374943368961733,49.5
44.38208647466189,-5.217913525338112,49.6
47.51765841208172,-2.1823415879182773,49.7
41.504409240177914,-8.295590759822092,49.800000000000004
51.043602666482904,1.143602666482899,49.900000000000006
42.541756909296055,-7.4582430907039425,50.0
49.44416508807362,-0.6558349119263829,50.1
47.037464450944306,-3.162535549055694,50.2
59.699322247811054,9.399322247811053,50.300000000000004
55.90818496576972,5.508184965769714,50.400000000000006
51.959556862317235,1.4595568623172328,50.5
58.80045937289672,8.200459372896718,50.6
52.416353417735984,1.7163534177359807,50.7
57.46049820525985,6.660498205259846,50.800000000000004
55.864768692878656,4.96476869287865,50.900000000000006
60.45619946078344,9.456199460783441,51.0
44.0785533294385,-7.021446670561502,51.1
56.50663533674855,5.306635336748551,51.2
42.74696279616174,-8.553037203838263,51.300000000000004
53.247211286581,1.847211286580992,51.400000000000006
57.47904273644565,5.979042736445653,51.5
52.21015375399036,0.6101537539903612,51.6
57.26365959847827,5.563659598478271,51.7
58.23979608967958,6.439796089679575,51.800000000000004
45.05238680332239,-6.84761319667761,51.900000000000006
59.240803768025216,7.2408037680252155,52.0
57.805449403560424,5.705449403560423,52.1
49.047693739807166,-3.152306260192834,52.2
53.386664065875465,1.0866640658754623,52.300000000000004
54.10544603577346,1.7054460357734524,52.400000000000006
48.822388580272055,-3.6776114197279486,52.5
59.21289267670128,6.612892676701279,52.6
56.75750689976904,4.057506899769037,52.7
51.23631255959028,-1.56368744040972,52.800000000000004
57.18236886507449,4.2823688650744804,52.900000000000006
48.23108469718969,-4.768915302810311,53.0
52.66436737966759,-0.43563262033241124,53.1
59.86669144892518,6.666691448925175,53.2
61.074158780742884,7.774158780742882,53.300000000000004
61.56349167517158,8.163491675171576,53.400000000000006
61.0669952920162,7.566995292016201,53.5
49.296005585549096,-4.303994414450907,53.6
47.99854511999496,-5.701454880005048,53.7
50.579733266208365,-3.220266733791639,53.800000000000004
44.07565604862428,-9.824343951375726,53.900000000000006
48.49121811629631,-5.508781883703689,54.0
55.950379543980006,1.8503795439800053,54.1
52.45468040901039,-1.7453195909896093,54.2
52.99458742077793,-1.3054125792220697,54.300000000000004
61.625145983108844,7.225145983108836,54.400000000000006
53.57203980943548,-0.927960190564523,54.5
46.06528768199262,-8.534712318007378,54.6
46.57912099506913,-8.12087900493087,54.7
57.1581628069713,2.3581628069712957,54.800000000000004
55.34016066953953,0.44016066953951993,54.900000000000006
47.25678849344304,-7.743211506556964,55.0
49.85416234772499,-5.245837652275016,55.1
54.66986242247542,-0.5301375775245876,55.2
62.75816672943169,7.458166729431686,55.300000000000004
62.826239741414916,7.426239741414911,55.400000000000006
52.23864797452534,-3.2613520254746597,55.5
48.073741837176485,-7.526258162823516,55.6
49.07758204894015,-6.6224179510598535,55.7
57.1738569763866,1.3738569763865982,55.800000000000004
60.303391984164165,4.40339198416416,55.900000000000006
46.070961242125584,-9.929038757874416,56.0
60.77223966322114,4.672239663221143,56.1
55.30757516010607,-0.8924248398939373,56.2
47.412866417471506,-8.887133582528495,56.300000000000004
50.275033484969526,-6.124966515030477,56.400000000000006
59.622579558229894,3.1225795582298943,56.5
57.96942031610367,1.369420316103671,56.6
59.750037681781805,3.050037681781801,56.7
66.50268639011463,9.70268639011463,56.800000000000004
53.78967090479669,-3.110329095203319,56.900000000000006
49.74742396438191,-7.25257603561809,57.0
63.64837213282354,6.548372132823537,57.1
48.08399574060216,-9.116004259397839,57.2
52.5467159064428,-4.753284093557206,57.300000000000004
59.950117646330526,2.5501176463305164,57.400000000000006
61.90194629359321,4.401946293593212,57.5
66.21528194851864,8.615281948518641,57.6
55.51978397108569,-2.180216028914317,57.7
60.43539187128519,2.6353918712851887,57.800000000000004
65.92543058527166,8.025430585271655,57.900000000000006
60.54390302846446,2.543903028464465,58.0
67.44654584040948,9.34654584040948,58.1
68.04227597667274,9.842275976672743,58.2
58.71522483336543,0.41522483336542626,58.300000000000004
59.23488851767731,0.8348885176773081,58.400000000000006
66.82880200519844,8.328802005198446,58.5
67.91778106523589,9.31778106523589,58.6
50.27228650385931,-8.427713496140688,58.7
49.584273805810426,-9.215726194189577,58.800000000000004
67.86157948846972,8.961579488469704,58.900000000000006
67.2065708386174,8.206570838617393,59.0
60.791820435051086,1.6918204350510857,59.1
51.51736226396724,-7.682637736032756,59.2
66.76758058845022,7.467580588450215,59.300000000000004
58.01860026979876,-1.381399730201245,59.400000000000006
49.94422419661301,-9.555775803386995,59.5
64.23890793612004,4.638907936120048,59.6
63.83527529374798,4.135275293747982,59.7
69.78336501132475,9.983365011324743,59.800000000000004
51.011213748015464,-8.888786251984545,59.900000000000006
57.97966762570803,-2.0203323742919688,60.0
60.7084398729375,0.608439872937494,60.1
54.67384538737613,-5.526154612623871,60.2
55.10622036924255,-5.193779630757456,60.300000000000004
51.71127711107161,-8.688722888928394,60.400000000000006
55.05761591673507,-5.442384083264931,60.5
67.08858617520983,6.488586175209829,60.6
59.28174754204877,-1.4182524579512348,60.7
63.29556789929085,2.4955678992908448,60.800000000000004
51.55737753349083,-9.342622466509175,60.900000000000006
53.84898388621657,-7.151016113783425,61.0
54.57652719261094,-6.523472807389061,61.1
60.332525130037254,-0.8674748699627455,61.2
54.10574981476199,-7.194250185238012,61.300000000000004
55.25103182760922,-6.148968172390788,61.400000000000006
58.25525824929811,-3.2447417507018943,61.5
56.71466448920227,-4.885335510797728,61.6
59.389283103691355,-2.3107168963086444,61.7
64.86413173254022,3.0641317325402166,61.800000000000004
70.8030176880575,8.903017688057492,61.900000000000006
55.65393126501989,-6.346068734980109,62.0
61.03275172604339,-1.0672482739566158,62.1
60.711324929783736,-1.4886750702162654,62.2
65.30453696953066,3.0045369695306583,62.300000000000004
61.19125681275217,-1.2087431872478316,62.400000000000006
52.8035347790104,-9.696465220989603,62.5
57.29300709019076,-5.306992909809239,62.6
65.30591345158035,2.605913451580355,62.7
59.31130725711681,-3.488692742883197,62.800000000000004
62.75728132911505,-0.14271867088495593,62.900000000000006
67.80319672379242,4.803196723792429,63.0
54.3307059770348,-8.7692940229652,63.1
54.10884818944977,-9.091151810550228,63.2
62.10336415245339,-1.1966358475466188,63.300000000000004
67.59766151235404,4.197661512354027,63.400000000000006
64.50540009048129,1.0054000904812832,63.5
70.6481908975421,7.048190897542092,63.6
66.18488542856213,2.4848854285621202,63.7
68.1555627371857,4.355562737185695,63.800000000000004
64.27927322556471,0.37927322556470244,63.900000000000006
66.46895783718634,2.468957837186341,64.0
58.82483312839001,-5.275166871610001,64.10000000000001
67.37155877373735,3.171558773737349,64.2
56.80785268961822,-7.492147310381772,64.3
64.96523892732274,0.5652389273227354,64.4
62.565516461769676,-1.9344835382303274,64.5
72.68713967435443,8.087139674354416,64.60000000000001
66.91722869087263,2.2172286908726324,64.7
74.61058032110664,9.810580321106643,64.8
72.91748875119112,8.017488751191108,64.9
74.10266860854398,9.102668608543974,65.0
67.76355289701607,2.6635528970160642,65.10000000000001
70.4949304180675,5.294930418067501,65.2
56.15021911829083,-9.149780881709168,65.3
70.44750866558255,5.047508665582543,65.4
61.087203011209546,-4.412796988790457,65.5
57.316776654123736,-8.283223345876275,65.60000000000001
68.8091674293056,3.109167429305593,65.7
72.36074311950183,6.56074311950184,65.8
67.30611601444362,1.406116014443608,65.9
68.02255813426648,2.022558134266479,66.0
62.53089802148924,-3.569101978510765,66.10000000000001
73.40948800991704,7.209488009917035,66.2
57.53725277604853,-8.762747223951466,66.3
60.52009318522488,-5.879906814775122,66.4
59.50121000641241,-6.9987899935875895,66.5
73.7909944154715,7.190994415471495,66.60000000000001
65.91524893893738,-0.7847510610626163,66.7
71.68044247428718,4.8804424742871815,66.8
62.858498633983814,-4.041501366016191,66.9
59.018784069455315,-7.981215930544683,67.0
68.32750842056906,1.227508420569057,67.10000000000001
68.90782155941949,1.7078215594194823,67.2
60.933217546074395,-6.3667824539256035,67.3
72.06469555554054,4.664695555540528,67.4
66.12617263795808,-1.3738273620419261,67.5
72.58788882757197,4.987888827571961,67.60000000000001
57.848601372140145,-9.851398627859858,67.7
69.12707374931362,1.327073749313623,67.8
74.22119091352285,6.321190913522843,67.9
61.30015288302174,-6.699847116978262,68.0
66.09235265755483,-2.0076473424451757,68.10000000000001
59.22234056934947,-8.97765943065053,68.2
73.21961776319475,4.919617763194751,68.3
68.88221808235292,0.48221808235292096,68.4
69.07067480210425,0.5706748021042474,68.5
65.77127846536011,-2.8287215346398953,68.60000000000001
70.11799398489558,1.417993984895567,68.7
69.1062501875317,0.3062501875317025,68.8
62.74591124990957,-6.154088750090438,68.9
70.36404395099174,1.3640439509917468,69.0
73.03731949580542,3.937319495805405,69.10000000000001
78.88574898286872,9.685748982868715,69.2
61.20346457653163,-8.096535423468366,69.3
68.24020136802511,-1.1597986319748956,69.4
64.63877766886448,-4.86122233113552,69.5
59.62286265114072,-9.97713734885929,69.60000000000001
68.20315137517579,-1.4968486248242052,69.7
67.07809603468868,-2.7219039653113075,69.8
73.87867724753889,3.9786772475388803,69.9
76.21653872886908,6.2165387288690885,70.0
75.24004996775136,5.1400499677513505,70.10000000000001
76.67599232628342,6.475992326283418,70.2
62.07669230444013,-8.223307695559866,70.3
64.2533241639904,-6.146675836009601,70.4
73.57394900006481,3.07394900006482,70.5
62.12985756995503,-8.47014243004498,70.60000000000001
78.09077311023174,7.390773110231738,70.7
70.65338902027118,-0.14661097972882065,70.8
66.94470796896498,-3.955292031035034,70.9
72.52279172721887,1.5227917272188707,71.0
66.51169350862513,-4.588306491374882,71.10000000000001
67.18640035745078,-4.0135996425492175,71.2
73.6798416750125,2.3798416750124973,71.3
69.0611703183203,-2.3388296816797083,71.4
73.84297835179277,2.3429783517927594,71.5
75.93912078584074,4.339120785840736,71.60000000000001
67.86483203854658,-3.8351679614534184,71.7
69.47705864514693,-2.3229413548530746,71.8
75.04275303309369,3.1427530330936797,71.9
80.39302231022288,8.39302231022288,72.0
71.49635114762619,-0.6036488523738237,72.10000000000001
67.64987816675112,-4.550121833248877,72.2
81.36500682523042,9.065006825230428,72.3
73.23996666771586,0.839966667715859,72.4
65.73529909414015,-6.7647009058598515,72.5
64.66625234197544,-7.933747658024576,72.60000000000001
72.69594727730691,-0.004052722693090871,72.7
76.98001845734582,4.180018457345818,72.8
76.53797869408007,3.6379786940800667,72.9
64.54290076053572,-8.457099239464288,73.0
77.36156547428615,4.261565474286139,73.10000000000001
79.93642308351943,6.7364230835194325,73.2
65.17420279050262,-8.125797209497373,73.3
78.77668445704975,5.376684457049748,73.4
68.8292970440854,-4.670702955914607,73.5
78.41004514573379,4.810045145733784,73.60000000000001
71.80373591470683,-1.8962640852931736,73.7
73.96562120054527,0.1656212005452784,73.8
78.20195350181528,4.30195350181527,73.9
70.3551114340197,-3.6448885659802976,74.0
74.15023932874745,0.05023932874743675,74.10000000000001
71.5340538235057,-2.6659461764943053,74.2
73.78006144058749,-0.5199385594125072,74.3
79.32808102940248,4.928081029402483,74.4
72.0597961405482,-2.440203859451802,74.5
76.92050789032577,2.320507890325756,74.60000000000001
82.01392748402948,7.313927484029472,74.7
81.59141218363476,6.791412183634758,74.8
71.63387318274724,-3.266126817252773,74.9
81.5016378599534,6.501637859953398,75.0
76.56233759871279,1.462337598712784,75.10000000000001
71.10906625487439,-4.090933745125618,75.2
67.81012823052252,-7.489871769477479,75.3
72.2657269914714,-3.1342730085286123,75.4
76.81225741697847,1.312257416978464,75.5
77.1638160385033,1.563816038503294,75.60000000000001
77.19641102776555,1.4964110277655474,75.7
66.64952466003753,-9.150475339962465,75.8
73.9584854240805,-1.9415145759195185,75.9
67.7391794895243,-8.260820510475703,76.0
76.63413613266198,0.5341361326619731,76.10000000000001
71.34930720726025,-4.850692792739749,76.2
77.42539397659456,1.1253939765945642,76.3
78.64936498351163,2.249364983511628,76.4
69.06513628125975,-7.434863718740246,76.5
79.31729015848211,2.7172901584821063,76.60000000000001
68.88390247340836,-7.816097526591652,76.7
70.62047305512516,-6.179526944874845,76.80000000000001
86.06901830914849,9.169018309148484,76.9
80.28636931658184,3.2863693165818413,77.0
83.91188362051021,6.8118836205102005,77.10000000000001
81.04998592136091,3.849985921360906,77.2
82.35987283703474,5.059872837034736,77.30000000000001
71.69628397679082,-5.703716023209189,77.4
69.38122642056322,-8.118773579436779,77.5
69.75952847852581,-7.840471521474202,77.60000000000001
81.65533226921625,3.955332269216248,77.7
69.72161810908436,-8.07838189091565,77.80000000000001
81.13410054864832,3.2341005486483114,77.9
78.13584554910797,0.13584554910797353,78.0
86.6381309794213,8.538130979421304,78.10000000000001
69.71873248416779,-8.481267515832213,78.2
74.80777152447352,-3.492228475526482,78.30000000000001
78.95417127691559,0.5541712769155871,78.4
83.0469510868043,4.546951086804305,78.5
85.55229267952984,6.952292679529837,78.60000000000001
81.76915188998464,3.0691518899846453,78.7
73.18709329587139,-5.61290670412862,78.80000000000001
80.46542730028926,1.5654273002892527,78.9
80.44503128371947,1.4450312837194692,79.0
74.46508599149756,-4.634914008502447,79.10000000000001
84.4618222694679,5.2618222694678956,79.2
76.4899701782307,-2.810029821769307,79.30000000000001
78.73433235385848,-0.6656676461415278,79.4
87.88292805376693,8.382928053766937,79.5
82.05279645439683,2.452796454396815,79.60000000000001
78.8445258694396,-0.8554741305604052,79.7
78.82833425829834,-0.9716657417016684,79.80000000000001
89.84775453491034,9.947754534910331,79.9
84.29328960480662,4.293289604806623,80.0
75.60333766661367,-4.496662333386343,80.10000000000001
74.01858674962418,-6.181413250375825,80.2
87.63586200719533,7.335862007195312,80.30000000000001
85.0978321822558,4.697832182255788,80.4
83.03417357139729,2.534173571397296,80.5
89.68942824955768,9.089428249557665,80.60000000000001
76.95553112635126,-3.7444688736487453,80.7
79.27500039783149,-1.5249996021685241,80.80000000000001
72.68353515306487,-8.216464846935144,80.9
71.57621401960992,-9.42378598039008,81.0
72.3711824651604,-8.728817534839608,81.10000000000001
80.617197020543,-0.5828029794570067,81.2
88.06919631344232,6.769196313442308,81.30000000000001
82.75340782896956,1.3534078289695484,81.4
71.8668914063733,-9.633108593626696,81.5
75.37830057083386,-6.221699429166144,81.60000000000001
74.27328235257234,-7.426717647427662,81.7
77.71367592807559,-4.086324071924417,81.80000000000001
74.86812827559737,-7.031871724402641,81.9
78.60786225575,-3.3921377442499967,82.0
76.62264295702232,-5.4773570429776886,82.10000000000001
83.96319097999861,1.7631909799986123,82.2
73.31818063725294,-8.98181936274708,82.30000000000001
75.43331150885778,-6.9666884911422216,82.4
91.67894155320559,9.178941553205597,82.5
82.70833361073771,0.10833361073770087,82.60000000000001
83.57763591583588,0.8776359158358837,82.7
83.5241444035204,0.7241444035203815,82.80000000000001
75.37316185424702,-7.526838145752994,82.9
82.08204409443275,-0.9179559055672604,83.0
73.16050871723576,-9.939491282764251,83.10000000000001
74.89622593130359,-8.303774068696411,83.2
74.69492575156548,-8.605074248434528,83.30000000000001
77.64806678504735,-5.751933214952651,83.4
87.13659953903804,3.6365995390380395,83.5
83.55274226707753,-0.04725773292246993,83.60000000000001
75.6915789279124,-8.008421072087602,83.7
92.61473922234535,8.814739222345338,83.80000000000001
83.31834585717934,-0.5816541428206667,83.9
81.75527659552063,-2.2447234044793762,84.0
82.54077592550149,-1.559224074498522,84.10000000000001
80.1034857829157,-4.096514217084302,84.2
89.26663474713186,4.966634747131846,84.30000000000001
76.10968695018069,-8.290313049819323,84.4
89.48507903350536,4.98507903350536,84.5
84.71126910240572,0.11126910240571775,84.60000000000001
87.29068541179555,2.5906854117955413,84.7
89.3426783864383,4.542678386438285,84.80000000000001
76.66102360069722,-8.238976399302784,84.9
80.98396542090217,-4.016034579097833,85.0
89.80254845012296,4.702548450122946,85.10000000000001
76.58439338850343,-8.615606611496572,85.2
92.53570284425585,7.235702844255844,85.30000000000001
83.46062272475884,-1.9393772752411722,85.4
90.82555484366702,5.3255548436670175,85.5
80.57870096905506,-5.021299030944949,85.60000000000001
89.78835893413668,4.088358934136676,85.7
89.03201754029445,3.232017540294443,85.80000000000001
90.34493307343509,4.444933073435078,85.9
80.14096916079521,-5.859030839204795,86.0
81.94117464538925,-4.1588253546107605,86.10000000000001
86.6798141737568,0.4798141737567918,86.2
79.5345713346718,-6.76542866532821,86.30000000000001
85.50015077006489,-0.8998492299351124,86.4
88.51661979141409,2.0166197914140827,86.5
95.43479277362849,8.834792773628486,86.60000000000001
85.52816242020553,-1.1718375797944747,86.7
81.63975954823904,-5.160240451760972,86.80000000000001
89.30550776230675,2.4055077623067445,86.9
85.08151782109684,-1.9184821789031603,87.0
94.20900504649266,7.109005046492652,87.10000000000001
77.47825180917529,-9.721748190824707,87.2
84.43182996833939,-2.868170031660629,87.30000000000001
80.82113580440212,-6.578864195597894,87.4
95.6677394246608,8.167739424660788,87.5
79.85866201571861,-7.741337984281403,87.60000000000001
94.93907022014204,7.239070220142037,87.7
85.55581579168033,-2.244184208319675,87.80000000000001
91.32670151031542,3.426701510315411,87.9
83.13231028878127,-4.867689711218728,88.0
82.09749269604232,-6.002507303957685,88.10000000000001
84.63518861415251,-3.564811385847495,88.2
90.81836583235669,2.5183658323566727,88.30000000000001
81.90547381041675,-6.494526189583252,88.4
87.58548473246591,-0.914515267534084,88.5
91.89866030539106,3.29866030539105,88.60000000000001
98.00129488741575,9.301294887415755,88.7
95.61558488120579,6.815584881205787,88.80000000000001
94.2761379637065,5.376137963706494,88.9
80.37408880997096,-8.625911190029045,89.0
79.13257599033989,-9.967424009660116,89.10000000000001
83.3747851187202,-5.825214881279808,89.2
92.4616248810899,3.161624881089886,89.30000000000001
97.73838825706204,8.33838825706204,89.4
96.31037802248093,6.810378022480936,89.5
88.2792644709406,-1.320735529059405,89.60000000000001
81.60209071617511,-8.097909283824889,89.7
98.48600932794055,8.686009327940534,89.80000000000001
80.06249861356412,-9.837501386435893,89.9
88.1425301537227,-1.8574698462773023,90.0
86.49355533352988,-3.606444666470126,90.10000000000001
99.08872197453029,8.888721974530284,90.2
84.73868998515314,-5.561310014846872,90.30000000000001
81.94860014494309,-8.451399855056916,90.4
95.8960821863429,5.396082186342895,90.5
89.37508022747241,-1.2249197725275929,90.60000000000001
92.540933594262,1.8409335942619955,90.7
86.24352567242113,-4.556474327578878,90.80000000000001
99.82849595521307,8.928495955213064,90.9
93.42510828787867,2.4251082878786723,91.0
84.37260630802474,-6.727393691975263,91.10000000000001
93.89498283245565,2.6949828324556457,91.2
100.37165238199678,9.071652381996776,91.30000000000001
82.56719207800772,-8.832807921992282,91.4
87.82097712172222,-3.679022878277776,91.5
98.26701887441507,6.66701887441507,91.60000000000001
90.65207163225685,-1.0479283677431495,91.7
92.97382907706901,1.173829077069004,91.80000000000001
88.15005606289287,-3.749943937107132,91.9
97.78218855293282,5.782188552932826,92.0
98.34635552382036,6.2463555238203625,92.10000000000001
95.60091916155172,3.40091916155171,92.2
96.8921797656175,4.5921797656174945,92.30000000000001
99.35471408124556,6.95471408124555,92.4
92.12759497812924,-0.37240502187076086,92.5
93.60381136159829,1.003811361598277,92.60000000000001
87.10071766272792,-5.59928233727208,92.7
93.53426414701975,0.7342641470197475,92.80000000000001
87.334336064956,-5.565663935044001,92.9
102.99622255381941,9.996222553819404,93.0
83.24847483273055,-9.85152516726946,93.10000000000001
101.54656564199358,8.346565641993577,93.2
84.59769535248718,-8.70230464751283,93.30000000000001
94.84019289010642,1.44019289010642,93.4
86.23938265275953,-7.260617347240464,93.5
94.42736122376981,0.8273612237697958,93.60000000000001
97.53458060616542,3.834580606165412,93.7
87.60686448707806,-6.193135512921957,93.80000000000001
102.51790027654052,8.617900276540512,93.9
95.1377619271927,1.1377619271926998,94.0
89.45920798307128,-4.640792016928725,94.10000000000001
87.74936424628858,-6.450635753711424,94.2
103.31151209409745,9.011512094097442,94.30000000000001
93.34764800216871,-1.052351997831298,94.4
84.53094125141303,-9.96905874858698,94.5
103.73151485481718,9.131514854817175,94.60000000000001
92.81650818182078,-1.8834918181792195,94.7
99.89443674090069,5.094436740900679,94.80000000000001
102.50929129438993,7.609291294389917,94.9
99.76634053873266,4.76634053873267,95.0
100.71193758288935,5.611937582889341,95.10000000000001
94.21494076005021,-0.9850592399497927,95.2
89.05912942731207,-6.240870572687935,95.30000000000001
101.90367011978742,6.503670119787415,95.4
104.29579508145791,8.795795081457907,95.5
96.30848390101895,0.7084839010189392,95.60000000000001
96.62678040217381,0.926780402173808,95.7
91.38199027068667,-4.418009729313342,95.80000000000001
102.72886251989397,6.8288625198939545,95.9
102.81293252970357,6.812932529703577,96.0
89.62005648274466,-6.4799435172553475,96.10000000000001
101.6298131559891,5.429813155989101,96.2
92.02940838036875,-4.270591619631266,96.30000000000001
93.22734779480629,-3.1726522051937205,96.4
91.56091580786189,-4.939084192138106,96.5
88.7609566314575,-7.839043368542511,96.60000000000001
92.74066587581748,-3.9593341241825124,96.7
87.49637270679224,-9.303627293207766,96.80000000000001
95.5348067820194,-1.3651932179805983,96.9
95.32560984863179,-1.6743901513682127,97.0
93.03197455702353,-4.068025442976482,97.10000000000001
104.09753734375806,6.89753734375806,97.2
106.89832664611137,9.598326646111358,97.30000000000001
106.85480406949156,9.454804069491551,97.4
89.083337508033,-8.416662491966996,97.5
103.77548083842382,6.175480838423806,97.60000000000001
88.63547892154618,-9.064521078453822,97.7
104.05816881365669,6.2581688136566775,97.80000000000001
89.44222082984932,-8.45777917015069,97.9
96.38707958464472,-1.6129204153552814,98.0
103.91409465895288,5.814094658952862,98.10000000000001
96.88729336746133,-1.312706632538676,98.2
106.3469734267713,8.046973426771292,98.30000000000001
97.34539787169297,-1.0546021283070317,98.4
103.65209676433705,5.15209676433704,98.5
94.49484314900384,-4.105156850996163,98.60000000000001
108.28482492109148,9.584824921091487,98.7
103.25353799959134,4.453537999591326,98.80000000000001
108.70323191117953,9.803231911179518,98.9
108.52377593792308,9.523775937923075,99.0
89.93863841063575,-9.161361589364255,99.10000000000001
91.65063722295756,-7.549362777042446,99.2
108.1204691154293,8.820469115429287,99.30000000000001
107.79788514567805,8.397885145678046,99.4
101.24029471236695,1.7402947123669479,99.5
93.48528681560127,-6.114713184398739,99.60000000000001
104.57885891252317,4.878858912523177,99.7
94.2627695609919,-5.537230439008119,99.80000000000001
92.86673502954419,-7.033264970455824,99.9
